user_id,severance_v_lost,buffy_v_the100,peakyblinders_v_alias,freaksgeeks_v_theoc,twinpeaks_v_orphanblack,agentsshield_v_izombie,westwing_v_stds9,fridaynightlights_v_gossipgirl,xfiles_v_lost,trublood_v_jessicajones,battlestar_v_chuck,gilmoregirls_v_happyendings,westworld_v_fringe,vampirediaries_v_onceupon,newsroom_v_suits,socalled_v_deadlikeme
JlC16907F,N/A,Buffy the Vampire Slayer,Peaky Blinders,Freaks and Geeks,Twin Peaks,Marvel’s Agents of S.H.I.E.L.D.,The West Wing,Friday Night Lights,X-Files,Tru Blood,Chuck,N/A,N/A,N/A,N/A,N/A
Ele85077F,Severance,Buffy the Vampire Slayer,Alias,Freaks and Geeks,Orphan Black,iZombie,Star Trek: Deep Space Nine,Gossip Girl,Lost,Marvel’s Jessica Jones,Battlestar Galactica,Gilmore Girls,N/A,N/A,N/A,N/A
Ili55435f,N/A,The 100,Alias,The O.C.,N/A,N/A,The West Wing,Friday Night Lights,X-Files,N/A,N/A,Gilmore Girls,N/A,Vampire Diaries,Suits,N/A
Fli43507F,Lost Girl,The 100,Alias,Freaks and Geeks,Twin Peaks,iZombie,Star Trek: Deep Space Nine,Friday Night Lights,X-Files,Marvel’s Jessica Jones,Chuck,Happy Endings,Fringe,Once Upon A Time,The Newsroom,Dead Like Me
Pmb62555F,Lost Girl,Buffy the Vampire Slayer,Alias,Freaks and Geeks,Orphan Black,iZombie,Star Trek: Deep Space Nine,Gossip Girl,X-Files,Marvel’s Jessica Jones,Battlestar Galactica,Happy Endings,Fringe,Once Upon A Time,The Newsroom,My So Called Life
Nri79752F,Severance,Buffy the Vampire Slayer,Alias,The O.C.,N/A,iZombie,N/A,Friday Night Lights,Lost,Marvel’s Jessica Jones,N/A,Happy Endings,Westworld,Vampire Diaries,Suits,N/A
I_s12687g,N/A,Buffy the Vampire Slayer,Peaky Blinders,The O.C.,Orphan Black,iZombie,The West Wing,Gossip Girl,N/A,N/A,N/A,N/A,N/A,N/A,N/A,N/A
Jea15323G,Severance,Buffy the Vampire Slayer,Peaky Blinders,N/A,Twin Peaks,iZombie,The West Wing,Friday Night Lights,X-Files,Marvel’s Jessica Jones,Chuck,Happy Endings,Fringe,Vampire Diaries,Suits,Dead Like Me
Pap59905H,Severance,Buffy the Vampire Slayer,Alias,The O.C.,Twin Peaks,Marvel’s Agents of S.H.I.E.L.D.,Star Trek: Deep Space Nine,Friday Night Lights,Lost,Marvel’s Jessica Jones,Battlestar Galactica,Gilmore Girls,Fringe,N/A,N/A,Dead Like Me
Nas37733H,N/A,N/A,N/A,N/A,N/A,N/A,N/A,N/A,X-Files,Tru Blood,N/A,Gilmore Girls,N/A,N/A,N/A,N/A
Eas98332h,Severance,Buffy the Vampire Slayer,N/A,The O.C.,N/A,iZombie,The West Wing,Gossip Girl,X-Files,Tru Blood,Chuck,Gilmore Girls,Westworld,Once Upon A Time,Suits,Dead Like Me
Hat62463h,N/A,Buffy the Vampire Slayer,Alias,The O.C.,Orphan Black,N/A,N/A,N/A,N/A,N/A,N/A,N/A,Fringe,N/A,N/A,My So Called Life
Nat23488h,N/A,The 100,Alias,Freaks and Geeks,Twin Peaks,Marvel’s Agents of S.H.I.E.L.D.,Star Trek: Deep Space Nine,Friday Night Lights,X-Files,Marvel’s Jessica Jones,Chuck,Gilmore Girls,Fringe,Once Upon A Time,The Newsroom,Dead Like Me
Hic36634H,Severance,Buffy the Vampire Slayer,Alias,The O.C.,N/A,Marvel’s Agents of S.H.I.E.L.D.,The West Wing,Gossip Girl,Lost,Tru Blood,Chuck,Gilmore Girls,Fringe,Vampire Diaries,Suits,Dead Like Me
Loa12569h,N/A,Buffy the Vampire Slayer,Peaky Blinders,Freaks and Geeks,Orphan Black,iZombie,Star Trek: Deep Space Nine,Friday Night Lights,Lost,Tru Blood,Battlestar Galactica,Happy Endings,Fringe,Once Upon A Time,The Newsroom,N/A
Tom25842H,N/A,Buffy the Vampire Slayer,Peaky Blinders,N/A,N/A,iZombie,N/A,N/A,N/A,Marvel’s Jessica Jones,N/A,N/A,N/A,Vampire Diaries,N/A,N/A
Hor61983H,N/A,Buffy the Vampire Slayer,Alias,N/A,Twin Peaks,iZombie,The West Wing,Gossip Girl,Lost,Tru Blood,Battlestar Galactica,Gilmore Girls,N/A,N/A,N/A,My So Called Life
Qup20239H,Lost Girl,Buffy the Vampire Slayer,Alias,Freaks and Geeks,Orphan Black,N/A,Star Trek: Deep Space Nine,Gossip Girl,X-Files,Tru Blood,Battlestar Galactica,Gilmore Girls,Fringe,Once Upon A Time,The Newsroom,Dead Like Me
Jam91966i,N/A,Buffy the Vampire Slayer,Alias,Freaks and Geeks,N/A,iZombie,The West Wing,Gossip Girl,N/A,N/A,N/A,N/A,N/A,N/A,N/A,N/A
Hea43149i,N/A,N/A,N/A,N/A,N/A,N/A,N/A,N/A,Lost,N/A,Battlestar Galactica,Happy Endings,N/A,N/A,N/A,N/A
Nev81334I,Lost Girl,Buffy the Vampire Slayer,N/A,Freaks and Geeks,N/A,Marvel’s Agents of S.H.I.E.L.D.,Star Trek: Deep Space Nine,Friday Night Lights,X-Files,Marvel’s Jessica Jones,Battlestar Galactica,Happy Endings,Fringe,Once Upon A Time,Suits,My So Called Life
DOM42858I,N/A,Buffy the Vampire Slayer,N/A,N/A,N/A,N/A,Star Trek: Deep Space Nine,Friday Night Lights,Lost,Tru Blood,Battlestar Galactica,Happy Endings,Fringe,Vampire Diaries,The Newsroom,N/A
Fli56621J,N/A,Buffy the Vampire Slayer,Alias,Freaks and Geeks,Orphan Black,N/A,The West Wing,N/A,N/A,N/A,N/A,N/A,Westworld,N/A,The Newsroom,Dead Like Me
Ilo12377j,N/A,N/A,N/A,N/A,N/A,N/A,N/A,N/A,N/A,N/A,N/A,N/A,Fringe,Once Upon A Time,Suits,Dead Like Me
Jrf32624j,N/A,Buffy the Vampire Slayer,N/A,The O.C.,N/A,iZombie,N/A,N/A,X-Files,Tru Blood,N/A,N/A,N/A,Vampire Diaries,N/A,N/A
Lxs32811J,Lost Girl,Buffy the Vampire Slayer,Peaky Blinders,The O.C.,Orphan Black,iZombie,The West Wing,Friday Night Lights,Lost,Tru Blood,Chuck,Gilmore Girls,Fringe,Once Upon A Time,The Newsroom,Dead Like Me
Mim16114L,Lost Girl,Buffy the Vampire Slayer,Alias,N/A,N/A,iZombie,The West Wing,Gossip Girl,X-Files,Marvel’s Jessica Jones,Chuck,N/A,Fringe,Once Upon A Time,The Newsroom,My So Called Life
Fra78624L,N/A,Buffy the Vampire Slayer,Peaky Blinders,The O.C.,Twin Peaks,N/A,The West Wing,Friday Night Lights,Lost,Marvel’s Jessica Jones,Chuck,Happy Endings,Fringe,Vampire Diaries,The Newsroom,Dead Like Me
Lol44002M,N/A,Buffy the Vampire Slayer,Alias,The O.C.,Twin Peaks,N/A,N/A,Gossip Girl,Lost,Marvel’s Jessica Jones,N/A,Gilmore Girls,N/A,N/A,N/A,Dead Like Me
Dxc67860m,N/A,The 100,Peaky Blinders,The O.C.,Twin Peaks,N/A,Star Trek: Deep Space Nine,Gossip Girl,X-Files,Marvel’s Jessica Jones,Battlestar Galactica,Happy Endings,N/A,N/A,N/A,N/A
Sqm97129N,N/A,N/A,N/A,N/A,N/A,N/A,N/A,N/A,N/A,N/A,N/A,N/A,Fringe,Once Upon A Time,N/A,N/A
Qqm37249N,N/A,The 100,Alias,The O.C.,Orphan Black,N/A,N/A,Gossip Girl,N/A,N/A,N/A,N/A,N/A,N/A,N/A,N/A
Mma35187N,Severance,Buffy the Vampire Slayer,Alias,Freaks and Geeks,Twin Peaks,Marvel’s Agents of S.H.I.E.L.D.,Star Trek: Deep Space Nine,N/A,Lost,Tru Blood,Chuck,N/A,N/A,N/A,N/A,N/A
Hay13504O,Lost Girl,The 100,Alias,Freaks and Geeks,Twin Peaks,iZombie,N/A,N/A,N/A,N/A,N/A,N/A,N/A,N/A,N/A,N/A
Mer94275O,N/A,N/A,Peaky Blinders,Freaks and Geeks,Orphan Black,N/A,The West Wing,Gossip Girl,N/A,N/A,N/A,N/A,N/A,N/A,N/A,N/A
Fil20110O,Lost Girl,The 100,Alias,Freaks and Geeks,Twin Peaks,iZombie,The West Wing,Friday Night Lights,Lost,Tru Blood,Battlestar Galactica,Happy Endings,Westworld,Vampire Diaries,Suits,My So Called Life
hoy60160O,N/A,N/A,Alias,The O.C.,Orphan Black,iZombie,N/A,N/A,Lost,N/A,N/A,Gilmore Girls,Fringe,Once Upon A Time,Suits,N/A
Moh56070o,Severance,Buffy the Vampire Slayer,N/A,The O.C.,N/A,Marvel’s Agents of S.H.I.E.L.D.,The West Wing,Friday Night Lights,X-Files,Tru Blood,Chuck,Happy Endings,Westworld,Vampire Diaries,The Newsroom,Dead Like Me
Nur67414o,N/A,Buffy the Vampire Slayer,Peaky Blinders,Freaks and Geeks,Orphan Black,iZombie,The West Wing,Friday Night Lights,X-Files,Marvel’s Jessica Jones,Chuck,Gilmore Girls,N/A,N/A,N/A,N/A
MxD43788O,N/A,Buffy the Vampire Slayer,Alias,Freaks and Geeks,N/A,iZombie,The West Wing,Gossip Girl,N/A,N/A,N/A,N/A,N/A,N/A,N/A,N/A
Jab33146P,N/A,N/A,N/A,N/A,N/A,N/A,N/A,N/A,N/A,N/A,N/A,N/A,Fringe,Vampire Diaries,The Newsroom,Dead Like Me
Eat90607P,Severance,Buffy the Vampire Slayer,Alias,Freaks and Geeks,Orphan Black,iZombie,The West Wing,Gossip Girl,Lost,Tru Blood,Battlestar Galactica,Gilmore Girls,Westworld,Vampire Diaries,Suits,My So Called Life
Fin55834Q,Severance,Buffy the Vampire Slayer,Peaky Blinders,Freaks and Geeks,N/A,Marvel’s Agents of S.H.I.E.L.D.,The West Wing,Gossip Girl,N/A,N/A,N/A,N/A,N/A,N/A,N/A,N/A
EYL32940Q,N/A,N/A,N/A,N/A,N/A,N/A,N/A,N/A,N/A,N/A,N/A,N/A,Westworld,Vampire Diaries,The Newsroom,Dead Like Me
Lai59192R,N/A,Buffy the Vampire Slayer,Alias,Freaks and Geeks,Orphan Black,iZombie,The West Wing,Friday Night Lights,X-Files,Marvel’s Jessica Jones,Battlestar Galactica,Gilmore Girls,N/A,N/A,N/A,N/A
Lar88038R,Severance,Buffy the Vampire Slayer,Alias,The O.C.,Orphan Black,iZombie,The West Wing,Friday Night Lights,N/A,N/A,N/A,N/A,Fringe,Once Upon A Time,The Newsroom,Dead Like Me
Ear11492R,Severance,Buffy the Vampire Slayer,Alias,Freaks and Geeks,Orphan Black,Marvel’s Agents of S.H.I.E.L.D.,Star Trek: Deep Space Nine,Friday Night Lights,X-Files,Marvel’s Jessica Jones,Battlestar Galactica,Happy Endings,Westworld,Vampire Diaries,The Newsroom,Dead Like Me
Jar47489R,N/A,N/A,N/A,N/A,N/A,N/A,N/A,N/A,Lost,Marvel’s Jessica Jones,Battlestar Galactica,Gilmore Girls,N/A,N/A,N/A,N/A
Nas70939r,N/A,Buffy the Vampire Slayer,Peaky Blinders,The O.C.,Orphan Black,iZombie,Star Trek: Deep Space Nine,Gossip Girl,Lost,Tru Blood,Battlestar Galactica,Gilmore Girls,Westworld,Once Upon A Time,Suits,My So Called Life
Del26821R,Lost Girl,Buffy the Vampire Slayer,N/A,N/A,Orphan Black,Marvel’s Agents of S.H.I.E.L.D.,Star Trek: Deep Space Nine,Friday Night Lights,X-Files,Tru Blood,Battlestar Galactica,Gilmore Girls,Westworld,Once Upon A Time,Suits,Dead Like Me
Hyn87820R,Lost Girl,Buffy the Vampire Slayer,Alias,Freaks and Geeks,Orphan Black,iZombie,The West Wing,Friday Night Lights,Lost,Tru Blood,Chuck,Gilmore Girls,Westworld,Once Upon A Time,Suits,Dead Like Me
Qic87505s,Lost Girl,Buffy the Vampire Slayer,Alias,Freaks and Geeks,Orphan Black,iZombie,Star Trek: Deep Space Nine,Gossip Girl,N/A,Marvel’s Jessica Jones,Battlestar Galactica,N/A,Westworld,Once Upon A Time,The Newsroom,Dead Like Me
Ooc18127S,N/A,The 100,Alias,The O.C.,N/A,Marvel’s Agents of S.H.I.E.L.D.,Star Trek: Deep Space Nine,Gossip Girl,N/A,N/A,N/A,N/A,N/A,N/A,N/A,N/A
Koo60704s,N/A,N/A,N/A,N/A,Twin Peaks,iZombie,N/A,Gossip Girl,Lost,N/A,N/A,N/A,Fringe,Vampire Diaries,Suits,My So Called Life
Ddy11049t,N/A,N/A,N/A,N/A,N/A,N/A,N/A,N/A,N/A,N/A,N/A,N/A,N/A,Vampire Diaries,N/A,N/A
Pet74134u,Severance,N/A,N/A,N/A,Twin Peaks,iZombie,N/A,Gossip Girl,Lost,Tru Blood,Chuck,Gilmore Girls,Fringe,N/A,Suits,Dead Like Me
Ori33722U,N/A,N/A,N/A,N/A,Twin Peaks,N/A,N/A,N/A,N/A,Marvel’s Jessica Jones,N/A,Gilmore Girls,N/A,Vampire Diaries,N/A,N/A
Iue26104V,Lost Girl,N/A,N/A,N/A,Twin Peaks,N/A,The West Wing,Friday Night Lights,Lost,Tru Blood,Battlestar Galactica,Gilmore Girls,Fringe,Vampire Diaries,N/A,Dead Like Me
Kly31966X,N/A,N/A,N/A,N/A,Twin Peaks,iZombie,Star Trek: Deep Space Nine,Gossip Girl,X-Files,Tru Blood,Chuck,Happy Endings,Fringe,N/A,Suits,Dead Like Me
Oph37017X,Lost Girl,N/A,N/A,N/A,Twin Peaks,Marvel’s Agents of S.H.I.E.L.D.,N/A,N/A,N/A,N/A,N/A,N/A,N/A,Vampire Diaries,N/A,N/A
Our65342x,Lost Girl,N/A,N/A,N/A,Twin Peaks,iZombie,N/A,Friday Night Lights,Lost,Tru Blood,N/A,Happy Endings,Fringe,Vampire Diaries,Suits,Dead Like Me
Ear76181Y,Lost Girl,N/A,N/A,N/A,Orphan Black,iZombie,The West Wing,Friday Night Lights,X-Files,Tru Blood,Chuck,Gilmore Girls,Fringe,Once Upon A Time,Suits,Dead Like Me
Hee77295y,Lost Girl,N/A,N/A,N/A,Orphan Black,Marvel’s Agents of S.H.I.E.L.D.,The West Wing,Friday Night Lights,X-Files,Marvel’s Jessica Jones,Battlestar Galactica,Gilmore Girls,Westworld,Once Upon A Time,Suits,Dead Like Me
Jof65155Y,Lost Girl,N/A,N/A,N/A,Orphan Black,iZombie,The West Wing,Gossip Girl,X-Files,Tru Blood,Battlestar Galactica,Gilmore Girls,Fringe,Once Upon A Time,The Newsroom,My So Called Life
Lra30812Y,N/A,N/A,N/A,N/A,N/A,N/A,N/A,N/A,N/A,N/A,N/A,N/A,Westworld,Vampire Diaries,The Newsroom,My So Called Life
Hri23129Y,Lost Girl,N/A,N/A,N/A,Orphan Black,Marvel’s Agents of S.H.I.E.L.D.,Star Trek: Deep Space Nine,N/A,X-Files,Tru Blood,Battlestar Galactica,Happy Endings,Fringe,Once Upon A Time,,N/A
Jeb45404w,N/A,N/A,N/A,N/A,N/A,N/A,N/A,N/A,N/A,N/A,N/A,N/A,Fringe,Once Upon A Time,Suits,Dead Like Me
Nhi90104t,Lost Girl,N/A,N/A,N/A,Orphan Black,N/A,Star Trek: Deep Space Nine,Friday Night Lights,Lost,Marvel’s Jessica Jones,Battlestar Galactica,Happy Endings,Fringe,Once Upon A Time,Suits,N/A
Iro267694,Lost Girl,N/A,N/A,N/A,Orphan Black,iZombie,The West Wing,Gossip Girl,X-Files,Marvel’s Jessica Jones,Chuck,Gilmore Girls,Fringe,N/A,The Newsroom,My So Called Life
Kte25975g5,N/A,N/A,N/A,N/A,N/A,Marvel’s Agents of S.H.I.E.L.D.,N/A,Friday Night Lights,N/A,N/A,N/A,N/A,N/A,N/A,N/A,N/A
Gep40973hm,N/A,N/A,N/A,N/A,N/A,Marvel’s Agents of S.H.I.E.L.D.,N/A,N/A,N/A,N/A,N/A,N/A,N/A,Vampire Diaries,N/A,N/A
Jzz1256799,N/A,N/A,N/A,N/A,N/A,iZombie,The West Wing,Gossip Girl,Lost,Marvel’s Jessica Jones,Battlestar Galactica,Happy Endings,Fringe,Vampire Diaries,Suits,Dead Like Me
